{"prev_open": 25752.65, "prev_high": 25828.05, "prev_low": 25645.15, "prev_close": 25819.35, "today_open": 25873.35, "PP": 25764.18333333333, "TC": 25855.63333333333, "BC": 25672.73333333333, "prev_range": 182.89999999999782, "body": 66.69999999999709, "upper": 8.700000000000728, "lower": 107.5, "body_pct": 0.36468015308910817, "upper_pct": 0.04756697648988973, "lower_pct": 0.5877528704210021, "wick_imb": -0.5401858939311124, "top_rej": 0.04756697648988973, "bot_rej": 0.9524330235101103, "candle_state": "Balanced_Neutral|Lower_Wick_Dominant|Close_Near_High", "open_context": "Open_Above_PDH|Above_CPR|Open_Top_Quartile", "gap_dir": "Gap_Up", "gap_pct": 0.295243302351015, "gap_bucket": ">2%", "test_date": "2026-02-19"}