{"body_70": 0.6521144682253546, "body_30": 0.31845184555328676}